,neighbor1,neighbor2,neighbor3,neighbor4,neighbor5,neighbor6,neighbor7,neighbor8,neighbor9,neighbor10,neighbor11,neighbor12,neighbor13,neighbor14,neighbor15,neighbor16,neighbor17,neighbor18,neighbor19,neighbor20,neighbor21,neighbor22,neighbor23,neighbor24,neighbor25,neighbor26,neighbor27,neighbor28,neighbor29,neighbor30,neighbor31,neighbor32,neighbor33,neighbor34,neighbor35
yufa_aq,yufa_aq,daxing_aq,liulihe_aq,fangshan_aq,yizhuang_aq,yungang_aq,nansanhuan_aq,fengtaihuayuan_aq,wanshouxigong_aq,yongdingmennei_aq,tiantan_aq,qianmen_aq,gucheng_aq,guanyuan_aq,yongledian_aq,dongsi_aq,nongzhanguan_aq,xizhimenbei_aq,dongsihuan_aq,mentougou_aq,tongzhou_aq,wanliu_aq,aotizhongxin_aq,zhiwuyuan_aq,beibuxinqu_aq,shunyi_aq,pingchang_aq,dingling_aq,huairou_aq,donggaocun_aq,pinggu_aq,badaling_aq,miyun_aq,yanqin_aq,miyunshuiku_aq
liulihe_aq,liulihe_aq,fangshan_aq,yufa_aq,yungang_aq,daxing_aq,fengtaihuayuan_aq,gucheng_aq,mentougou_aq,nansanhuan_aq,wanshouxigong_aq,yongdingmennei_aq,guanyuan_aq,tiantan_aq,qianmen_aq,yizhuang_aq,zhiwuyuan_aq,xizhimenbei_aq,wanliu_aq,dongsi_aq,nongzhanguan_aq,aotizhongxin_aq,dongsihuan_aq,beibuxinqu_aq,tongzhou_aq,yongledian_aq,pingchang_aq,dingling_aq,shunyi_aq,badaling_aq,yanqin_aq,huairou_aq,donggaocun_aq,pinggu_aq,miyun_aq,miyunshuiku_aq
yongledian_aq,yongledian_aq,tongzhou_aq,yizhuang_aq,daxing_aq,dongsihuan_aq,nongzhanguan_aq,tiantan_aq,yongdingmennei_aq,nansanhuan_aq,qianmen_aq,dongsi_aq,wanshouxigong_aq,aotizhongxin_aq,guanyuan_aq,xizhimenbei_aq,fengtaihuayuan_aq,yufa_aq,shunyi_aq,donggaocun_aq,wanliu_aq,pinggu_aq,fangshan_aq,yungang_aq,gucheng_aq,zhiwuyuan_aq,mentougou_aq,beibuxinqu_aq,liulihe_aq,huairou_aq,miyun_aq,pingchang_aq,dingling_aq,miyunshuiku_aq,badaling_aq,yanqin_aq
daxing_aq,daxing_aq,yizhuang_aq,nansanhuan_aq,yongdingmennei_aq,wanshouxigong_aq,tiantan_aq,fengtaihuayuan_aq,qianmen_aq,fangshan_aq,dongsi_aq,yufa_aq,guanyuan_aq,nongzhanguan_aq,yungang_aq,dongsihuan_aq,xizhimenbei_aq,gucheng_aq,tongzhou_aq,aotizhongxin_aq,wanliu_aq,yongledian_aq,mentougou_aq,zhiwuyuan_aq,liulihe_aq,beibuxinqu_aq,shunyi_aq,pingchang_aq,dingling_aq,huairou_aq,donggaocun_aq,pinggu_aq,badaling_aq,miyun_aq,yanqin_aq,miyunshuiku_aq
fangshan_aq,fangshan_aq,yungang_aq,fengtaihuayuan_aq,gucheng_aq,liulihe_aq,mentougou_aq,daxing_aq,nansanhuan_aq,wanshouxigong_aq,yongdingmennei_aq,guanyuan_aq,tiantan_aq,qianmen_aq,yufa_aq,zhiwuyuan_aq,xizhimenbei_aq,wanliu_aq,dongsi_aq,yizhuang_aq,aotizhongxin_aq,nongzhanguan_aq,dongsihuan_aq,beibuxinqu_aq,tongzhou_aq,pingchang_aq,yongledian_aq,shunyi_aq,dingling_aq,badaling_aq,huairou_aq,yanqin_aq,miyun_aq,donggaocun_aq,pinggu_aq,miyunshuiku_aq
yizhuang_aq,yizhuang_aq,daxing_aq,yongdingmennei_aq,tiantan_aq,nansanhuan_aq,qianmen_aq,wanshouxigong_aq,dongsihuan_aq,nongzhanguan_aq,dongsi_aq,tongzhou_aq,guanyuan_aq,fengtaihuayuan_aq,xizhimenbei_aq,aotizhongxin_aq,yongledian_aq,wanliu_aq,gucheng_aq,yungang_aq,fangshan_aq,zhiwuyuan_aq,yufa_aq,mentougou_aq,shunyi_aq,beibuxinqu_aq,liulihe_aq,pingchang_aq,huairou_aq,dingling_aq,donggaocun_aq,pinggu_aq,miyun_aq,badaling_aq,miyunshuiku_aq,yanqin_aq
yungang_aq,yungang_aq,fangshan_aq,gucheng_aq,fengtaihuayuan_aq,mentougou_aq,wanshouxigong_aq,nansanhuan_aq,guanyuan_aq,zhiwuyuan_aq,wanliu_aq,yongdingmennei_aq,xizhimenbei_aq,qianmen_aq,tiantan_aq,daxing_aq,dongsi_aq,aotizhongxin_aq,nongzhanguan_aq,beibuxinqu_aq,liulihe_aq,yizhuang_aq,dongsihuan_aq,yufa_aq,pingchang_aq,tongzhou_aq,dingling_aq,shunyi_aq,yongledian_aq,badaling_aq,huairou_aq,yanqin_aq,miyun_aq,donggaocun_aq,pinggu_aq,miyunshuiku_aq
nansanhuan_aq,nansanhuan_aq,wanshouxigong_aq,yongdingmennei_aq,tiantan_aq,qianmen_aq,fengtaihuayuan_aq,guanyuan_aq,dongsi_aq,xizhimenbei_aq,nongzhanguan_aq,dongsihuan_aq,yizhuang_aq,aotizhongxin_aq,daxing_aq,wanliu_aq,gucheng_aq,yungang_aq,zhiwuyuan_aq,fangshan_aq,mentougou_aq,tongzhou_aq,beibuxinqu_aq,yufa_aq,shunyi_aq,yongledian_aq,pingchang_aq,liulihe_aq,dingling_aq,huairou_aq,badaling_aq,miyun_aq,donggaocun_aq,pinggu_aq,yanqin_aq,miyunshuiku_aq
fengtaihuayuan_aq,fengtaihuayuan_aq,wanshouxigong_aq,nansanhuan_aq,guanyuan_aq,gucheng_aq,yongdingmennei_aq,qianmen_aq,tiantan_aq,xizhimenbei_aq,yungang_aq,wanliu_aq,dongsi_aq,aotizhongxin_aq,zhiwuyuan_aq,mentougou_aq,nongzhanguan_aq,fangshan_aq,daxing_aq,dongsihuan_aq,yizhuang_aq,beibuxinqu_aq,tongzhou_aq,yufa_aq,liulihe_aq,pingchang_aq,shunyi_aq,yongledian_aq,dingling_aq,huairou_aq,badaling_aq,yanqin_aq,miyun_aq,donggaocun_aq,pinggu_aq,miyunshuiku_aq
yongdingmennei_aq,yongdingmennei_aq,tiantan_aq,qianmen_aq,nansanhuan_aq,wanshouxigong_aq,dongsi_aq,guanyuan_aq,nongzhanguan_aq,xizhimenbei_aq,fengtaihuayuan_aq,dongsihuan_aq,aotizhongxin_aq,yizhuang_aq,wanliu_aq,daxing_aq,gucheng_aq,zhiwuyuan_aq,yungang_aq,tongzhou_aq,mentougou_aq,fangshan_aq,beibuxinqu_aq,shunyi_aq,yongledian_aq,yufa_aq,pingchang_aq,liulihe_aq,dingling_aq,huairou_aq,badaling_aq,miyun_aq,donggaocun_aq,pinggu_aq,yanqin_aq,miyunshuiku_aq
wanshouxigong_aq,wanshouxigong_aq,nansanhuan_aq,yongdingmennei_aq,qianmen_aq,tiantan_aq,guanyuan_aq,fengtaihuayuan_aq,dongsi_aq,xizhimenbei_aq,nongzhanguan_aq,aotizhongxin_aq,dongsihuan_aq,wanliu_aq,gucheng_aq,yizhuang_aq,daxing_aq,zhiwuyuan_aq,yungang_aq,mentougou_aq,fangshan_aq,tongzhou_aq,beibuxinqu_aq,shunyi_aq,pingchang_aq,yufa_aq,yongledian_aq,liulihe_aq,dingling_aq,huairou_aq,badaling_aq,miyun_aq,donggaocun_aq,pinggu_aq,yanqin_aq,miyunshuiku_aq
tiantan_aq,tiantan_aq,yongdingmennei_aq,qianmen_aq,nansanhuan_aq,wanshouxigong_aq,dongsi_aq,nongzhanguan_aq,guanyuan_aq,dongsihuan_aq,xizhimenbei_aq,aotizhongxin_aq,fengtaihuayuan_aq,yizhuang_aq,wanliu_aq,daxing_aq,gucheng_aq,zhiwuyuan_aq,tongzhou_aq,yungang_aq,mentougou_aq,fangshan_aq,beibuxinqu_aq,shunyi_aq,yongledian_aq,pingchang_aq,yufa_aq,dingling_aq,liulihe_aq,huairou_aq,badaling_aq,miyun_aq,donggaocun_aq,pinggu_aq,yanqin_aq,miyunshuiku_aq
tongzhou_aq,tongzhou_aq,dongsihuan_aq,yizhuang_aq,nongzhanguan_aq,dongsi_aq,tiantan_aq,yongledian_aq,qianmen_aq,yongdingmennei_aq,aotizhongxin_aq,nansanhuan_aq,wanshouxigong_aq,shunyi_aq,xizhimenbei_aq,guanyuan_aq,daxing_aq,fengtaihuayuan_aq,wanliu_aq,zhiwuyuan_aq,gucheng_aq,yungang_aq,donggaocun_aq,pinggu_aq,beibuxinqu_aq,fangshan_aq,mentougou_aq,huairou_aq,yufa_aq,pingchang_aq,miyun_aq,dingling_aq,liulihe_aq,miyunshuiku_aq,badaling_aq,yanqin_aq
qianmen_aq,qianmen_aq,tiantan_aq,yongdingmennei_aq,dongsi_aq,wanshouxigong_aq,nansanhuan_aq,guanyuan_aq,nongzhanguan_aq,xizhimenbei_aq,dongsihuan_aq,aotizhongxin_aq,fengtaihuayuan_aq,wanliu_aq,yizhuang_aq,gucheng_aq,zhiwuyuan_aq,daxing_aq,yungang_aq,tongzhou_aq,mentougou_aq,fangshan_aq,beibuxinqu_aq,shunyi_aq,pingchang_aq,yongledian_aq,yufa_aq,dingling_aq,liulihe_aq,huairou_aq,badaling_aq,miyun_aq,donggaocun_aq,pinggu_aq,yanqin_aq,miyunshuiku_aq
gucheng_aq,gucheng_aq,mentougou_aq,fengtaihuayuan_aq,zhiwuyuan_aq,yungang_aq,wanliu_aq,guanyuan_aq,xizhimenbei_aq,wanshouxigong_aq,nansanhuan_aq,qianmen_aq,yongdingmennei_aq,tiantan_aq,fangshan_aq,beibuxinqu_aq,aotizhongxin_aq,dongsi_aq,nongzhanguan_aq,dongsihuan_aq,daxing_aq,yizhuang_aq,pingchang_aq,liulihe_aq,tongzhou_aq,dingling_aq,yufa_aq,shunyi_aq,badaling_aq,yongledian_aq,huairou_aq,yanqin_aq,miyun_aq,pinggu_aq,donggaocun_aq,miyunshuiku_aq
guanyuan_aq,guanyuan_aq,xizhimenbei_aq,wanshouxigong_aq,qianmen_aq,dongsi_aq,tiantan_aq,yongdingmennei_aq,aotizhongxin_aq,wanliu_aq,nansanhuan_aq,fengtaihuayuan_aq,nongzhanguan_aq,dongsihuan_aq,gucheng_aq,zhiwuyuan_aq,mentougou_aq,yungang_aq,yizhuang_aq,beibuxinqu_aq,daxing_aq,fangshan_aq,tongzhou_aq,pingchang_aq,shunyi_aq,dingling_aq,yongledian_aq,yufa_aq,liulihe_aq,huairou_aq,badaling_aq,miyun_aq,yanqin_aq,pinggu_aq,donggaocun_aq,miyunshuiku_aq
dongsi_aq,dongsi_aq,qianmen_aq,nongzhanguan_aq,tiantan_aq,dongsihuan_aq,aotizhongxin_aq,yongdingmennei_aq,xizhimenbei_aq,guanyuan_aq,wanshouxigong_aq,nansanhuan_aq,wanliu_aq,fengtaihuayuan_aq,yizhuang_aq,zhiwuyuan_aq,gucheng_aq,tongzhou_aq,daxing_aq,yungang_aq,mentougou_aq,beibuxinqu_aq,shunyi_aq,fangshan_aq,pingchang_aq,yongledian_aq,dingling_aq,yufa_aq,huairou_aq,liulihe_aq,miyun_aq,badaling_aq,donggaocun_aq,pinggu_aq,yanqin_aq,miyunshuiku_aq
mentougou_aq,mentougou_aq,gucheng_aq,zhiwuyuan_aq,yungang_aq,wanliu_aq,fengtaihuayuan_aq,beibuxinqu_aq,guanyuan_aq,xizhimenbei_aq,fangshan_aq,wanshouxigong_aq,nansanhuan_aq,qianmen_aq,aotizhongxin_aq,yongdingmennei_aq,tiantan_aq,dongsi_aq,nongzhanguan_aq,dongsihuan_aq,pingchang_aq,daxing_aq,yizhuang_aq,dingling_aq,liulihe_aq,tongzhou_aq,badaling_aq,yufa_aq,shunyi_aq,yanqin_aq,huairou_aq,yongledian_aq,miyun_aq,pinggu_aq,donggaocun_aq,miyunshuiku_aq
nongzhanguan_aq,nongzhanguan_aq,dongsihuan_aq,dongsi_aq,qianmen_aq,tiantan_aq,aotizhongxin_aq,yongdingmennei_aq,xizhimenbei_aq,guanyuan_aq,wanshouxigong_aq,nansanhuan_aq,wanliu_aq,yizhuang_aq,fengtaihuayuan_aq,tongzhou_aq,zhiwuyuan_aq,gucheng_aq,daxing_aq,shunyi_aq,yungang_aq,beibuxinqu_aq,mentougou_aq,fangshan_aq,pingchang_aq,yongledian_aq,dingling_aq,huairou_aq,yufa_aq,liulihe_aq,miyun_aq,donggaocun_aq,pinggu_aq,badaling_aq,yanqin_aq,miyunshuiku_aq
dongsihuan_aq,dongsihuan_aq,nongzhanguan_aq,dongsi_aq,qianmen_aq,aotizhongxin_aq,tiantan_aq,yongdingmennei_aq,xizhimenbei_aq,guanyuan_aq,wanshouxigong_aq,nansanhuan_aq,yizhuang_aq,tongzhou_aq,wanliu_aq,fengtaihuayuan_aq,zhiwuyuan_aq,daxing_aq,shunyi_aq,gucheng_aq,beibuxinqu_aq,yungang_aq,mentougou_aq,yongledian_aq,fangshan_aq,pingchang_aq,huairou_aq,dingling_aq,yufa_aq,miyun_aq,donggaocun_aq,pinggu_aq,liulihe_aq,badaling_aq,yanqin_aq,miyunshuiku_aq
xizhimenbei_aq,xizhimenbei_aq,guanyuan_aq,aotizhongxin_aq,dongsi_aq,wanliu_aq,qianmen_aq,wanshouxigong_aq,tiantan_aq,yongdingmennei_aq,nongzhanguan_aq,nansanhuan_aq,dongsihuan_aq,fengtaihuayuan_aq,zhiwuyuan_aq,gucheng_aq,mentougou_aq,beibuxinqu_aq,yizhuang_aq,yungang_aq,daxing_aq,tongzhou_aq,fangshan_aq,pingchang_aq,shunyi_aq,dingling_aq,yongledian_aq,huairou_aq,yufa_aq,liulihe_aq,badaling_aq,miyun_aq,yanqin_aq,pinggu_aq,donggaocun_aq,miyunshuiku_aq
aotizhongxin_aq,aotizhongxin_aq,xizhimenbei_aq,dongsi_aq,nongzhanguan_aq,guanyuan_aq,dongsihuan_aq,qianmen_aq,wanliu_aq,tiantan_aq,yongdingmennei_aq,wanshouxigong_aq,nansanhuan_aq,zhiwuyuan_aq,fengtaihuayuan_aq,gucheng_aq,beibuxinqu_aq,yizhuang_aq,tongzhou_aq,mentougou_aq,shunyi_aq,yungang_aq,daxing_aq,pingchang_aq,fangshan_aq,dingling_aq,huairou_aq,yongledian_aq,yufa_aq,badaling_aq,liulihe_aq,miyun_aq,pinggu_aq,donggaocun_aq,yanqin_aq,miyunshuiku_aq
wanliu_aq,wanliu_aq,xizhimenbei_aq,zhiwuyuan_aq,guanyuan_aq,aotizhongxin_aq,gucheng_aq,dongsi_aq,wanshouxigong_aq,qianmen_aq,fengtaihuayuan_aq,beibuxinqu_aq,tiantan_aq,yongdingmennei_aq,nongzhanguan_aq,nansanhuan_aq,mentougou_aq,dongsihuan_aq,yungang_aq,pingchang_aq,yizhuang_aq,fangshan_aq,daxing_aq,tongzhou_aq,dingling_aq,shunyi_aq,huairou_aq,badaling_aq,liulihe_aq,yufa_aq,yongledian_aq,yanqin_aq,miyun_aq,pinggu_aq,donggaocun_aq,miyunshuiku_aq
zhiwuyuan_aq,zhiwuyuan_aq,wanliu_aq,gucheng_aq,beibuxinqu_aq,mentougou_aq,xizhimenbei_aq,guanyuan_aq,aotizhongxin_aq,fengtaihuayuan_aq,wanshouxigong_aq,dongsi_aq,qianmen_aq,yungang_aq,yongdingmennei_aq,nansanhuan_aq,tiantan_aq,nongzhanguan_aq,pingchang_aq,dongsihuan_aq,fangshan_aq,dingling_aq,yizhuang_aq,daxing_aq,shunyi_aq,tongzhou_aq,badaling_aq,liulihe_aq,huairou_aq,yanqin_aq,yufa_aq,yongledian_aq,miyun_aq,pinggu_aq,donggaocun_aq,miyunshuiku_aq
beibuxinqu_aq,beibuxinqu_aq,zhiwuyuan_aq,pingchang_aq,wanliu_aq,mentougou_aq,gucheng_aq,xizhimenbei_aq,aotizhongxin_aq,guanyuan_aq,dingling_aq,fengtaihuayuan_aq,dongsi_aq,wanshouxigong_aq,qianmen_aq,yungang_aq,nongzhanguan_aq,tiantan_aq,yongdingmennei_aq,nansanhuan_aq,dongsihuan_aq,badaling_aq,fangshan_aq,shunyi_aq,yizhuang_aq,yanqin_aq,daxing_aq,huairou_aq,tongzhou_aq,liulihe_aq,miyun_aq,yufa_aq,yongledian_aq,miyunshuiku_aq,pinggu_aq,donggaocun_aq
donggaocun_aq,donggaocun_aq,pinggu_aq,miyun_aq,shunyi_aq,tongzhou_aq,miyunshuiku_aq,huairou_aq,yongledian_aq,dongsihuan_aq,nongzhanguan_aq,yizhuang_aq,dongsi_aq,aotizhongxin_aq,tiantan_aq,qianmen_aq,yongdingmennei_aq,xizhimenbei_aq,guanyuan_aq,nansanhuan_aq,wanshouxigong_aq,wanliu_aq,daxing_aq,fengtaihuayuan_aq,pingchang_aq,zhiwuyuan_aq,dingling_aq,beibuxinqu_aq,gucheng_aq,mentougou_aq,yungang_aq,fangshan_aq,yufa_aq,badaling_aq,yanqin_aq,liulihe_aq
shunyi_aq,shunyi_aq,huairou_aq,dongsihuan_aq,tongzhou_aq,nongzhanguan_aq,aotizhongxin_aq,dongsi_aq,miyun_aq,xizhimenbei_aq,qianmen_aq,tiantan_aq,guanyuan_aq,wanliu_aq,yongdingmennei_aq,pingchang_aq,wanshouxigong_aq,pinggu_aq,nansanhuan_aq,yizhuang_aq,donggaocun_aq,zhiwuyuan_aq,beibuxinqu_aq,dingling_aq,fengtaihuayuan_aq,gucheng_aq,miyunshuiku_aq,yongledian_aq,daxing_aq,mentougou_aq,yungang_aq,fangshan_aq,badaling_aq,yanqin_aq,yufa_aq,liulihe_aq
pinggu_aq,pinggu_aq,donggaocun_aq,miyun_aq,shunyi_aq,miyunshuiku_aq,huairou_aq,tongzhou_aq,yongledian_aq,dongsihuan_aq,nongzhanguan_aq,aotizhongxin_aq,dongsi_aq,yizhuang_aq,tiantan_aq,qianmen_aq,yongdingmennei_aq,xizhimenbei_aq,guanyuan_aq,nansanhuan_aq,wanshouxigong_aq,wanliu_aq,pingchang_aq,daxing_aq,dingling_aq,fengtaihuayuan_aq,zhiwuyuan_aq,beibuxinqu_aq,gucheng_aq,mentougou_aq,yungang_aq,fangshan_aq,yufa_aq,badaling_aq,yanqin_aq,liulihe_aq
pingchang_aq,pingchang_aq,dingling_aq,beibuxinqu_aq,zhiwuyuan_aq,wanliu_aq,badaling_aq,aotizhongxin_aq,xizhimenbei_aq,mentougou_aq,guanyuan_aq,gucheng_aq,yanqin_aq,dongsi_aq,huairou_aq,nongzhanguan_aq,shunyi_aq,dongsihuan_aq,qianmen_aq,wanshouxigong_aq,fengtaihuayuan_aq,tiantan_aq,yongdingmennei_aq,nansanhuan_aq,yungang_aq,tongzhou_aq,yizhuang_aq,fangshan_aq,miyun_aq,daxing_aq,miyunshuiku_aq,yongledian_aq,liulihe_aq,pinggu_aq,donggaocun_aq,yufa_aq
dingling_aq,dingling_aq,pingchang_aq,badaling_aq,beibuxinqu_aq,yanqin_aq,zhiwuyuan_aq,wanliu_aq,huairou_aq,aotizhongxin_aq,xizhimenbei_aq,mentougou_aq,shunyi_aq,guanyuan_aq,gucheng_aq,dongsi_aq,nongzhanguan_aq,dongsihuan_aq,qianmen_aq,wanshouxigong_aq,tiantan_aq,fengtaihuayuan_aq,yongdingmennei_aq,nansanhuan_aq,yungang_aq,miyun_aq,tongzhou_aq,yizhuang_aq,fangshan_aq,miyunshuiku_aq,daxing_aq,pinggu_aq,donggaocun_aq,yongledian_aq,liulihe_aq,yufa_aq
huairou_aq,huairou_aq,miyun_aq,shunyi_aq,miyunshuiku_aq,dingling_aq,pingchang_aq,aotizhongxin_aq,dongsihuan_aq,pinggu_aq,nongzhanguan_aq,beibuxinqu_aq,wanliu_aq,dongsi_aq,xizhimenbei_aq,donggaocun_aq,tongzhou_aq,guanyuan_aq,zhiwuyuan_aq,qianmen_aq,tiantan_aq,yongdingmennei_aq,badaling_aq,wanshouxigong_aq,nansanhuan_aq,yanqin_aq,gucheng_aq,fengtaihuayuan_aq,yizhuang_aq,mentougou_aq,yungang_aq,yongledian_aq,daxing_aq,fangshan_aq,yufa_aq,liulihe_aq
badaling_aq,badaling_aq,yanqin_aq,dingling_aq,pingchang_aq,beibuxinqu_aq,zhiwuyuan_aq,mentougou_aq,wanliu_aq,gucheng_aq,huairou_aq,aotizhongxin_aq,xizhimenbei_aq,guanyuan_aq,dongsi_aq,fengtaihuayuan_aq,yungang_aq,nongzhanguan_aq,qianmen_aq,wanshouxigong_aq,shunyi_aq,dongsihuan_aq,tiantan_aq,yongdingmennei_aq,nansanhuan_aq,fangshan_aq,miyun_aq,yizhuang_aq,tongzhou_aq,miyunshuiku_aq,daxing_aq,liulihe_aq,pinggu_aq,yufa_aq,yongledian_aq,donggaocun_aq
miyun_aq,miyun_aq,miyunshuiku_aq,huairou_aq,shunyi_aq,pinggu_aq,donggaocun_aq,dingling_aq,pingchang_aq,tongzhou_aq,dongsihuan_aq,aotizhongxin_aq,nongzhanguan_aq,dongsi_aq,xizhimenbei_aq,wanliu_aq,beibuxinqu_aq,qianmen_aq,guanyuan_aq,tiantan_aq,yongdingmennei_aq,zhiwuyuan_aq,wanshouxigong_aq,nansanhuan_aq,yizhuang_aq,badaling_aq,yongledian_aq,yanqin_aq,fengtaihuayuan_aq,gucheng_aq,mentougou_aq,daxing_aq,yungang_aq,fangshan_aq,yufa_aq,liulihe_aq
yanqin_aq,yanqin_aq,badaling_aq,dingling_aq,pingchang_aq,beibuxinqu_aq,zhiwuyuan_aq,huairou_aq,wanliu_aq,mentougou_aq,gucheng_aq,aotizhongxin_aq,xizhimenbei_aq,guanyuan_aq,shunyi_aq,dongsi_aq,fengtaihuayuan_aq,nongzhanguan_aq,qianmen_aq,yungang_aq,wanshouxigong_aq,dongsihuan_aq,tiantan_aq,miyun_aq,yongdingmennei_aq,nansanhuan_aq,miyunshuiku_aq,fangshan_aq,yizhuang_aq,tongzhou_aq,daxing_aq,liulihe_aq,pinggu_aq,donggaocun_aq,yufa_aq,yongledian_aq
miyunshuiku_aq,miyunshuiku_aq,miyun_aq,huairou_aq,pinggu_aq,shunyi_aq,donggaocun_aq,dingling_aq,pingchang_aq,tongzhou_aq,dongsihuan_aq,aotizhongxin_aq,nongzhanguan_aq,dongsi_aq,xizhimenbei_aq,beibuxinqu_aq,wanliu_aq,badaling_aq,yanqin_aq,qianmen_aq,guanyuan_aq,tiantan_aq,zhiwuyuan_aq,yongdingmennei_aq,wanshouxigong_aq,nansanhuan_aq,yizhuang_aq,yongledian_aq,fengtaihuayuan_aq,gucheng_aq,mentougou_aq,daxing_aq,yungang_aq,fangshan_aq,yufa_aq,liulihe_aq
